first,second
596.0,296.0
586.0,106.0
556.0,196.0
536.0,296.0
526.0,406.0
496.0,256.0
481.0,301.0
476.0,296.0
466.0,166.0
446.0,266.0
436.0,256.0
431.0,311.0
426.0,366.0
425.0,305.0
421.0,361.0
416.2,296.0
416.1,296.0
416.0,296.0
415.0,295.0
411.0,231.0
406.0,166.0
401.0,221.0
400.0,400.0
396.1,396.0
396.0,396.0
395.0,395.0
391.0,331.0
390.0,330.0
386.0,206.0
385.1,385.0
385.0,385.0
381.0,201.0
376.1,316.0
376.0,196.0
375.0,375.0
371.0,311.0
370.0,370.0
369.0,369.0
366.2,366.0
366.1,366.0
366.0,366.0
365.0,305.0
364.0,304.0
361.1,301.0
361.0,301.0
360.0,300.0
359.0,299.0
356.3,296.0
356.2,296.0
356.1,296.0
356.0,296.0
355.0,355.0
351.0,291.0
350.0,350.0
349.0,349.0
346.1,346.0
346.0,346.0
345.0,345.0
341.0,221.0
340.0,340.0
336.0,276.0
335.0,335.0
334.0,334.0
331.0,331.0
330.1,330.0
330.0,330.0
329.0,329.0
326.1,326.0
326.0,296.0
325.1,325.0
325.0,325.0
324.0,324.0
322.0,322.0
321.1,321.0
321.0,201.0
320.0,320.0
319.4,296.0
319.0,319.0
316.4,296.0
316.2,316.0
316.1,256.0
316.0,196.0
315.8,305.9
315.1,315.0
315.0,315.0
314.1,314.0
314.0,314.0
313.1,313.0
313.0,313.0
312.0,312.0
311.4,311.0
311.3,311.0
311.2,311.0
311.1,311.0
311.0,311.0
310.2,310.0
310.1,310.0
310.0,310.0
309.2,309.0
309.1,309.0
309.0,309.0
308.0,308.0
307.1,307.0
307.0,307.0
306.3,306.0
306.2,296.0
306.1,306.0
306.0,306.0
305.9,296.0
305.6,296.0
305.4,305.0
305.3,305.0
305.2,305.0
305.1,305.0
305.0,305.0
304.95,305.0
304.3,304.0
304.2,304.0
304.1,304.0
304.0,304.0
303.2,296.0
302.3,302.1
302.2,302.0
302.1,302.0
302.0,302.0
301.95,302.0
301.5,301.0
301.4,301.0
301.3,301.1
301.2,301.0
301.1,301.0
301.0,301.0
300.95,301.0
300.94,301.0
300.8,296.0
300.3,300.0
300.2,300.0
300.1,300.0
300.05,296.0
300.0,300.0
299.99,300.0
299.98,300.0
299.96,300.0
299.95,300.0
299.94,300.0
299.92,300.0
299.84,296.0
299.6,299.0
299.5,299.0
299.4,299.0
299.3,299.0
299.2,299.0
299.1,299.0
299.0,299.0
298.95,299.0
298.94,299.0
298.92,299.0
298.45,296.0
298.4,296.0
298.0,298.0
297.96,296.0
297.92,296.0
297.86,296.0
297.8,296.0
297.7,296.0
297.6,296.0
297.52,296.0
297.47,296.0
297.3,296.0
297.2,296.0
297.1,297.0
297.0,297.0
296.99,296.0
296.96,296.0
296.9,296.0
296.8,296.0
296.76,296.0
296.7,296.0
296.6,296.0
296.5,296.0
296.49,296.0
296.45,296.0
296.4,296.0
296.3,296.0
296.26,296.0
296.2,296.0
296.15,296.0
296.1,296.0
296.08,296.0
296.06,296.0
296.05,296.0
296.04,296.0
296.02,296.0
296.01,296.0
296.0,296.0
295.99,296.0
295.98,296.0
295.97,296.0
295.96,296.0
295.95,296.0
295.94,296.0
295.93,296.0
295.92,296.0
295.91,296.0
295.1,295.0
295.0,235.0
294.0,234.0
292.0,172.0
291.1,231.0
291.0,171.0
290.1,290.0
290.0,290.0
289.0,289.0
288.0,228.0
286.2,226.0
286.1,286.0
286.0,166.0
285.2,285.0
285.1,285.0
285.0,285.0
284.0,284.0
281.1,281.0
281.0,281.0
280.1,280.0
280.0,280.0
279.0,279.0
277.0,217.0
276.1,276.0
276.0,276.0
275.2,275.0
275.1,275.0
275.0,275.0
274.0,274.0
273.0,273.0
272.0,272.0
271.1,211.0
271.0,211.0
270.0,270.0
269.0,269.0
268.0,208.0
267.0,207.0
266.3,266.0
266.2,266.0
266.1,266.0
266.0,266.0
265.98,266.0
265.95,266.0
265.94,266.0
265.92,266.0
265.9,256.0
265.2,265.0
265.1,265.0
265.0,265.0
264.0,204.0
263.0,263.0
262.0,202.0
261.1,201.0
261.0,201.0
260.0,260.0
259.0,199.0
257.0,257.0
256.3,256.0
256.2,256.0
256.1,196.0
256.0,196.0
255.95,256.0
255.94,196.0
255.2,255.0
255.1,255.0
255.0,255.0
254.0,194.0
253.0,193.0
252.0,252.0
251.6,251.6
251.1,251.0
251.0,251.0
250.1,250.0
250.0,250.0
249.0,189.0
247.0,187.0
246.2,246.1
246.1,246.0
246.0,246.0
245.2,245.0
245.1,245.0
245.0,245.0
244.1,244.0
244.0,244.0
243.0,243.0
242.1,242.0
242.0,242.0
241.9,196.0
241.1,241.0
241.0,241.0
240.2,240.0
240.1,240.0
240.0,240.0
239.95,240.0
239.0,239.0
238.0,178.0
237.0,237.0
236.2,236.0
236.1,236.0
236.0,236.0
235.98,236.0
235.95,236.0
235.93,236.0
235.92,236.0
235.2,235.0
235.1,235.0
235.0,235.0
234.1,234.0
234.0,174.0
233.1,233.0
233.0,233.0
232.0,172.0
231.2,231.0
231.1,231.0
231.0,171.0
230.1,230.0
230.0,230.0
229.1,229.0
229.0,169.0
228.1,228.0
228.0,228.0
227.1,227.0
227.0,227.0
226.4,226.0
226.3,166.0
226.2,166.0
226.1,166.0
226.0,166.0
225.98,226.0
225.96,166.0
225.95,166.0
225.92,166.0
225.2,225.0
225.1,225.0
225.0,225.0
224.1,224.0
224.0,224.0
223.6,166.0
223.0,163.0
222.1,222.0
222.0,222.0
221.3,221.0
221.2,221.0
221.1,221.0
221.0,221.0
220.9,196.0
220.6,196.0
220.3,220.0
220.2,220.0
220.1,220.0
220.0,220.0
219.98,220.0
219.95,220.0
219.92,220.0
219.2,219.0
219.1,219.0
219.0,219.0
218.0,218.0
217.6,196.0
217.45,196.0
217.1,217.0
217.0,217.0
216.7,196.0
216.3,216.0
216.2,216.0
216.1,216.0
216.0,216.0
215.95,216.0
215.9,206.0
215.8,196.0
215.3,215.0
215.2,215.0
215.1,215.0
215.0,215.0
214.9,196.0
214.6,196.0
214.1,214.0
214.0,214.0
213.4,196.0
213.1,196.0
213.0,213.0
212.2,196.0
212.1,212.0
212.0,212.0
211.9,196.0
211.6,196.0
211.4,211.0
211.3,211.0
211.2,211.0
211.1,211.0
211.0,211.0
210.95,211.0
210.7,196.0
210.55,196.0
210.4,196.0
210.1,210.0
210.0,210.0
209.95,210.0
209.2,136.0
209.1,209.0
209.0,209.0
208.1,208.0
208.0,208.0
207.2,207.0
207.1,207.0
207.0,207.0
206.9,196.0
206.8,196.0
206.65,196.0
206.5,166.0
206.4,206.0
206.3,206.0
206.2,206.0
206.1,206.0
206.0,206.0
205.98,206.0
205.95,206.0
205.92,206.0
205.9,196.0
205.6,196.0
205.45,196.0
205.4,205.0
205.3,205.0
205.2,205.0
205.1,205.0
205.0,205.0
204.95,205.0
204.85,196.0
204.7,196.0
204.4,196.0
204.2,204.0
204.1,204.0
204.0,204.0
203.8,196.0
203.65,196.0
203.5,196.0
203.2,196.0
203.0,203.0
202.85,196.0
202.75,196.0
202.6,196.0
202.45,196.0
202.3,196.0
202.2,202.0
202.15,196.0
202.1,202.0
202.05,202.0
202.0,202.0
201.95,202.0
201.94,196.0
201.9,201.9
201.85,196.0
201.7,196.0
201.5,201.0
201.4,201.0
201.3,201.0
201.25,196.0
201.2,201.0
201.1,201.0
201.0,201.0
200.95,201.0
200.94,201.0
200.8,196.0
200.7,200.0
200.5,196.0
200.35,196.0
200.2,200.0
200.1,200.0
200.0,200.0
199.98,200.0
199.96,200.0
199.95,200.0
199.94,200.0
199.92,200.0
199.9,196.0
199.72,196.0
199.6,196.0
199.3,199.0
199.2,199.0
199.15,196.0
199.1,199.0
199.0,199.0
198.98,199.0
198.97,196.0
198.95,199.0
198.94,199.0
198.88,196.0
198.7,196.0
198.55,196.0
198.45,196.0
198.4,196.0
198.1,198.0
198.0,198.0
197.96,196.0
197.95,196.0
197.92,196.0
197.86,196.0
197.8,196.0
197.6,196.0
197.5,196.0
197.47,196.0
197.35,196.0
197.3,196.0
197.2,196.0
197.1,197.0
197.05,196.0
197.0,197.0
196.99,196.0
196.98,196.0
196.96,196.0
196.9,196.0
196.8,196.0
196.76,196.0
196.75,196.0
196.7,196.0
196.6,196.0
196.54,196.0
196.5,196.0
196.49,196.0
196.45,196.0
196.4,196.0
196.3,196.0
196.26,196.0
196.2,196.0
196.15,196.0
196.12,196.0
196.1,196.0
196.08,196.0
196.05,196.0
196.04,196.0
196.02,196.0
196.01,196.0
196.0,196.0
195.99,196.0
195.98,196.0
195.97,196.0
195.96,196.0
195.95,196.0
195.94,196.0
195.93,196.0
195.92,196.0
195.91,196.0
195.4,136.0
195.2,195.0
195.1,195.0
195.0,195.0
194.8,166.0
194.1,194.0
194.0,194.0
193.3,193.0
193.2,193.0
193.1,193.0
193.0,193.0
192.1,192.0
192.0,192.0
191.5,166.0
191.4,166.0
191.2,191.0
191.1,191.0
191.0,191.0
190.95,191.0
190.9,166.0
190.6,166.0
190.3,190.0
190.2,190.0
190.1,190.0
190.0,190.0
189.7,136.0
189.4,136.0
189.2,189.0
189.1,189.0
189.0,189.0
188.5,136.0
188.1,188.0
188.0,188.0
187.3,166.0
187.2,187.0
187.1,187.0
187.0,187.0
186.7,136.0
186.4,186.0
186.3,186.0
186.2,186.0
186.15,186.0
186.1,186.0
186.0,186.0
185.98,186.0
185.97,186.0
185.96,186.0
185.95,186.0
185.94,186.0
185.8,166.0
185.5,136.0
185.2,185.0
185.1,185.0
185.05,166.0
185.0,185.0
184.9,136.0
184.6,136.0
184.2,184.0
184.1,184.0
184.0,184.0
183.7,166.0
183.4,166.0
183.25,166.0
183.1,183.0
183.0,183.0
182.5,136.0
182.2,166.0
182.1,182.0
182.05,166.0
182.0,182.0
181.9,136.0
181.6,181.0
181.5,181.0
181.45,166.0
181.3,181.0
181.2,181.0
181.1,181.0
181.05,181.0
181.0,181.0
180.95,181.0
180.9,171.0
180.85,166.0
180.7,136.0
180.4,166.0
180.2,180.0
180.1,180.0
180.0,180.0
179.96,180.0
179.95,180.0
179.94,180.0
179.8,136.0
179.5,166.0
179.3,166.0
179.1,179.0
179.0,179.0
178.9,166.0
178.6,166.0
178.3,166.0
178.1,178.0
178.0,178.0
177.95,178.0
177.85,166.0
177.7,166.0
177.4,166.0
177.2,177.0
177.1,177.0
177.0,177.0
176.8,166.0
176.65,166.0
176.5,166.0
176.4,176.0
176.3,176.0
176.2,176.0
176.1,176.0
176.0,176.0
175.96,176.0
175.95,176.0
175.94,176.0
175.92,176.0
175.9,166.0
175.6,136.0
175.45,166.0
175.3,175.0
175.2,175.0
175.15,166.0
175.1,175.0
175.0,175.0
174.95,175.0
174.7,136.0
174.55,166.0
174.4,166.0
174.2,174.0
174.1,174.0
174.0,174.0
173.8,106.0
173.65,166.0
173.5,166.0
173.2,166.0
173.05,166.0
173.0,173.0
172.9,166.0
172.75,166.0
172.6,166.0
172.45,136.0
172.3,166.0
172.2,172.0
172.15,166.0
172.1,172.0
172.0,172.0
171.95,172.0
171.7,136.0
171.6,171.0
171.58,166.0
171.55,166.0
171.4,136.0
171.3,171.0
171.25,166.0
171.2,171.0
171.1,171.0
171.0,171.0
170.98,171.0
170.95,171.0
170.92,171.0
170.91,171.0
170.9,161.0
170.8,166.0
170.65,166.0
170.5,166.0
170.2,166.0
170.1,170.0
170.05,166.0
170.0,170.0
169.95,170.0
169.9,166.0
169.75,166.0
169.72,166.0
169.6,166.0
169.45,166.0
169.4,169.1
169.3,169.0
169.2,169.0
169.1,169.0
169.0,169.0
168.97,166.0
168.95,169.0
168.94,169.0
168.86,166.0
168.85,166.0
168.7,166.0
168.55,166.0
168.4,166.0
168.25,166.0
168.2,168.0
168.1,166.0
168.0,168.0
167.96,166.0
167.95,166.0
167.92,166.0
167.86,166.0
167.8,166.0
167.7,166.0
167.65,166.0
167.6,166.0
167.5,166.0
167.35,166.0
167.3,166.0
167.2,166.0
167.1,167.0
167.05,166.0
167.0,167.0
166.96,166.0
166.9,166.0
166.8,166.0
166.76,166.0
166.75,166.0
166.7,166.0
166.6,166.0
166.5,166.0
166.49,166.0
166.45,166.0
166.4,166.0
166.3,166.0
166.26,166.0
166.25,166.0
166.2,166.0
166.15,166.0
166.12,166.0
166.1,166.0
166.08,166.0
166.06,166.0
166.05,166.0
166.04,166.0
166.03,166.0
166.0,166.0
165.99,166.0
165.98,166.0
165.97,166.0
165.96,166.0
165.95,166.0
165.94,166.0
165.93,166.0
165.92,166.0
165.91,166.0
165.9,156.0
165.85,136.0
165.8,136.0
165.7,136.0
165.55,136.0
165.4,136.0
165.3,165.0
165.2,165.0
165.1,165.0
165.0,165.0
164.95,165.0
164.8,136.0
164.5,136.0
164.2,164.0
164.1,164.0
164.0,164.0
163.95,164.0
163.9,136.0
163.6,136.0
163.3,136.0
163.2,163.0
163.1,163.0
163.0,163.0
162.85,136.0
162.7,136.0
162.4,136.0
162.2,162.0
162.1,162.0
162.0,162.0
161.5,136.0
161.4,136.0
161.35,136.0
161.3,161.0
161.2,161.0
161.1,161.0
161.05,136.0
161.0,161.0
160.95,161.0
160.94,161.0
160.9,136.0
160.75,136.0
160.6,136.0
160.3,136.0
160.25,136.0
160.2,160.0
160.1,160.0
160.0,160.0
159.98,160.0
159.96,160.0
159.95,160.0
159.94,160.0
159.7,136.0
159.4,136.0
159.25,136.0
159.2,159.0
159.1,159.0
159.0,159.0
158.95,136.0
158.8,136.0
158.7,136.0
158.5,136.0
158.2,136.0
158.1,158.0
158.05,136.0
158.0,158.0
157.9,136.0
157.7,136.0
157.6,136.0
157.45,136.0
157.3,136.0
157.2,157.0
157.1,157.0
157.0,157.0
156.9,136.0
156.85,136.0
156.8,156.0
156.7,136.0
156.6,156.0
156.5,156.0
156.4,156.0
156.3,156.0
156.25,136.0
156.2,156.0
156.1,156.0
156.05,156.0
156.0,156.0
155.99,156.0
155.98,156.0
155.97,156.0
155.96,156.0
155.95,156.0
155.94,156.0
155.93,156.0
155.92,156.0
155.91,156.0
155.8,136.0
155.6,136.0
155.5,136.0
155.35,136.0
155.3,155.0
155.2,155.0
155.1,155.0
155.05,136.0
155.0,155.0
154.95,155.0
154.9,136.0
154.6,136.0
154.45,136.0
154.3,136.0
154.2,154.0
154.1,154.0
154.0,154.0
153.95,154.0
153.85,136.0
153.7,136.0
153.4,136.0
153.25,136.0
153.2,153.0
153.1,153.0
153.0,153.0
152.95,136.0
152.8,136.0
152.65,136.0
152.5,136.0
152.45,136.0
152.35,136.0
152.2,136.0
152.1,152.0
152.05,136.0
152.0,152.0
151.9,136.0
151.6,136.0
151.5,136.0
151.45,136.0
151.4,151.0
151.3,151.0
151.2,151.0
151.15,136.0
151.1,151.0
151.0,151.0
150.95,151.0
150.94,151.0
150.91,151.0
150.9,141.0
150.85,136.0
150.7,136.0
150.55,136.0
150.4,136.0
150.3,150.0
150.25,136.0
150.2,150.0
150.1,150.0
150.0,150.0
149.98,150.0
149.96,150.0
149.95,150.0
149.94,150.0
149.92,150.0
149.8,136.0
149.6,136.0
149.5,136.0
149.4,149.4
149.35,136.0
149.3,149.0
149.2,149.0
149.1,149.0
149.05,136.0
149.0,149.0
148.95,149.0
148.9,136.0
148.75,136.0
148.7,106.0
148.6,136.0
148.5,141.0
148.45,136.0
148.4,136.0
148.3,136.0
148.2,148.0
148.15,136.0
148.1,148.0
148.0,148.0
147.85,136.0
147.8,136.0
147.7,136.0
147.4,136.0
147.25,136.0
147.2,147.0
147.1,147.0
147.0,147.0
146.95,136.0
146.9,146.0
146.8,136.0
146.65,136.0
146.6,136.0
146.5,106.0
146.4,146.0
146.35,136.0
146.3,146.0
146.2,146.0
146.1,146.0
146.05,136.0
146.0,146.0
145.99,136.0
145.98,146.0
145.96,146.0
145.95,146.0
145.94,146.0
145.92,146.0
145.91,146.0
145.9,136.0
145.8,126.0
145.75,136.0
145.7,136.0
145.6,136.0
145.45,136.0
145.4,136.0
145.3,136.0
145.25,136.0
145.2,145.0
145.15,136.0
145.1,145.0
145.05,145.0
145.0,145.0
144.95,145.0
144.94,145.0
144.93,145.0
144.85,136.0
144.8,136.0
144.7,136.0
144.6,126.0
144.55,136.0
144.5,136.0
144.4,136.0
144.3,144.0
144.25,136.0
144.2,144.0
144.1,144.0
144.0,144.0
143.95,136.0
143.9,136.0
143.8,136.0
143.7,141.0
143.65,136.0
143.5,136.0
143.4,141.0
143.35,136.0
143.2,136.0
143.1,143.0
143.05,136.0
143.02,136.0
143.0,143.0
142.9,136.0
142.75,136.0
142.7,136.0
142.6,136.0
142.55,136.0
142.5,141.0
142.45,136.0
142.4,142.0
142.3,142.0
142.2,142.0
142.15,136.0
142.1,142.0
142.0,142.0
141.95,142.0
141.9,141.9
141.85,136.0
141.8,136.0
141.7,136.0
141.6,141.0
141.55,136.0
141.5,141.0
141.4,136.0
141.35,136.0
141.3,141.0
141.25,136.0
141.2,141.0
141.1,141.0
141.05,141.0
141.0,141.0
140.96,141.0
140.95,141.0
140.94,141.0
140.93,141.0
140.92,141.0
140.9,136.0
140.8,136.0
140.75,136.0
140.7,136.0
140.65,136.0
140.6,136.0
140.5,136.0
140.45,136.0
140.35,136.0
140.2,136.0
140.1,140.0
140.05,136.0
140.0,140.0
139.99,140.0
139.98,140.0
139.97,140.0
139.96,140.0
139.95,140.0
139.94,140.0
139.93,140.0
139.92,140.0
139.91,140.0
139.9,136.0
139.85,136.0
139.75,136.0
139.72,136.0
139.7,136.0
139.6,136.0
139.5,139.0
139.45,136.0
139.4,136.0
139.3,139.0
139.2,139.0
139.15,136.0
139.1,139.0
139.05,139.0
139.0,139.0
138.97,136.0
138.95,139.0
138.94,139.0
138.85,136.0
138.8,136.0
138.7,136.0
138.55,136.0
138.5,136.0
138.4,136.0
138.35,136.0
138.25,136.0
138.2,136.0
138.1,136.0
138.05,136.0
138.0,138.0
137.98,136.0
137.95,136.0
137.86,136.0
137.8,136.0
137.75,136.0
137.7,136.0
137.65,136.0
137.62,136.0
137.6,136.0
137.5,136.0
137.45,136.0
137.35,136.0
137.3,136.0
137.2,136.0
137.16,136.0
137.1,137.0
137.08,136.0
137.05,136.0
137.0,137.0
136.99,136.0
136.96,136.0
136.95,137.0
136.9,136.0
136.8,136.0
136.76,136.0
136.75,136.0
136.7,136.0
136.6,136.0
136.54,136.0
136.5,136.0
136.49,136.0
136.45,136.0
136.4,136.0
136.3,136.0
136.26,136.0
136.25,136.0
136.2,136.0
136.15,136.0
136.1,136.0
136.09,136.0
136.08,136.0
136.07,136.0
136.06,136.0
136.05,136.0
136.04,136.0
136.02,136.0
136.0,136.0
135.99,136.0
135.98,136.0
135.97,136.0
135.96,136.0
135.95,136.0
135.94,136.0
135.93,136.0
135.92,136.0
135.91,136.0
135.9,126.0
135.8,116.0
135.7,106.0
135.55,106.0
135.4,106.0
135.2,135.0
135.18,106.0
135.1,135.0
135.0,135.0
134.95,135.0
134.8,106.0
134.65,106.0
134.5,106.0
134.3,134.0
134.2,106.0
134.1,134.0
134.05,106.0
134.0,134.0
133.95,134.0
133.9,106.0
133.75,106.0
133.6,106.0
133.56,106.0
133.45,76.0
133.3,106.0
133.2,133.0
133.15,106.0
133.1,133.0
133.0,133.0
132.85,106.0
132.7,76.0
132.6,126.0
132.55,106.0
132.48,106.0
132.4,106.0
132.3,132.0
132.25,106.0
132.21,106.0
132.2,132.0
132.1,132.0
132.0,132.0
131.95,132.0
131.94,126.0
131.9,131.9
131.8,106.0
131.7,126.0
131.67,106.0
131.65,106.0
131.5,76.0
131.4,106.0
131.35,106.0
131.3,131.0
131.2,131.0
131.1,131.0
131.05,106.0
131.0,131.0
130.95,131.0
130.9,76.0
130.8,126.0
130.7,106.0
130.6,106.0
130.55,106.0
130.5,126.0
130.3,106.0
130.25,106.0
130.2,130.0
130.15,106.0
130.1,130.0
130.0,130.0
129.95,130.0
129.94,130.0
129.92,130.0
129.85,106.0
129.75,126.0
129.7,106.0
129.55,106.0
129.4,106.0
129.35,106.0
129.3,129.0
129.25,106.0
129.2,129.0
129.1,129.0
129.0,129.0
128.95,106.0
128.85,126.0
128.8,76.0
128.7,106.0
128.65,106.0
128.6,56.0
128.5,106.0
128.4,126.0
128.35,106.0
128.3,128.0
128.2,106.0
128.16,106.0
128.1,128.0
128.05,106.0
128.0,128.0
127.9,106.0
127.85,106.0
127.75,106.0
127.62,106.0
127.6,106.0
127.5,126.0
127.45,106.0
127.35,126.0
127.3,106.0
127.2,126.0
127.15,106.0
127.1,127.0
127.0,127.0
126.96,126.0
126.95,106.0
126.9,126.0
126.85,106.0
126.81,106.0
126.8,126.0
126.7,106.0
126.6,126.0
126.55,106.0
126.5,126.0
126.45,126.0
126.4,126.0
126.3,126.0
126.25,106.0
126.2,126.0
126.15,126.0
126.1,126.0
126.05,126.0
126.0,126.0
125.99,126.0
125.98,126.0
125.97,126.0
125.96,126.0
125.95,126.0
125.94,126.0
125.93,126.0
125.92,126.0
125.91,126.0
125.9,106.0
125.8,106.0
125.75,106.0
125.72,106.0
125.65,106.0
125.5,106.0
125.45,106.0
125.35,106.0
125.3,125.0
125.2,106.0
125.15,106.0
125.1,125.0
125.05,106.0
125.0,125.0
124.95,125.0
124.91,106.0
124.9,106.0
124.75,106.0
124.6,106.0
124.45,106.0
124.4,106.0
124.37,106.0
124.3,106.0
124.25,106.0
124.2,124.0
124.15,106.0
124.1,124.0
124.05,111.0
124.0,124.0
123.95,124.0
123.85,106.0
123.83,106.0
123.7,106.0
123.55,106.0
123.4,106.0
123.3,123.0
123.29,106.0
123.25,106.0
123.2,123.0
123.1,106.0
123.0,123.0
122.95,106.0
122.8,106.0
122.75,106.0
122.65,106.0
122.5,106.0
122.48,106.0
122.35,106.0
122.21,106.0
122.2,106.0
122.15,106.0
122.1,122.0
122.05,106.0
122.0,122.0
121.94,106.0
121.9,106.0
121.85,106.0
121.8,111.0
121.75,106.0
121.7,106.0
121.6,106.0
121.5,121.0
121.45,106.0
121.4,106.0
121.3,106.0
121.2,121.0
121.15,106.0
121.1,121.0
121.05,96.0
121.0,121.0
120.98,121.0
120.97,121.0
120.96,121.0
120.95,121.0
120.93,121.0
120.92,121.0
120.9,111.0
120.85,106.0
120.8,106.0
120.7,106.0
120.59,106.0
120.55,106.0
120.5,106.0
120.4,106.0
120.3,120.0
120.25,106.0
120.2,120.0
120.1,120.0
120.05,106.0
120.0,120.0
119.99,120.0
119.98,120.0
119.97,120.0
119.96,120.0
119.95,120.0
119.94,120.0
119.93,120.0
119.92,120.0
119.91,120.0
119.85,111.0
119.8,106.0
119.78,106.0
119.7,106.0
119.65,106.0
119.6,116.0
119.51,106.0
119.5,106.0
119.45,106.0
119.4,111.0
119.35,106.0
119.3,56.0
119.24,106.0
119.2,106.0
119.15,106.0
119.1,119.0
119.05,106.0
119.02,106.0
119.0,119.0
118.9,106.0
118.8,111.0
118.75,106.0
118.7,106.0
118.6,106.0
118.55,106.0
118.45,106.0
118.4,76.0
118.3,106.0
118.25,106.0
118.2,118.0
118.16,106.0
118.15,106.0
118.1,118.0
118.0,118.0
117.95,106.0
117.9,108.0
117.89,106.0
117.85,106.0
117.8,56.0
117.7,106.0
117.65,106.0
117.62,106.0
117.6,111.0
117.55,106.0
117.5,106.0
117.4,106.0
117.35,106.0
117.3,117.0
117.25,106.0
117.2,106.0
117.15,111.0
117.1,106.0
117.08,106.0
117.05,106.0
117.0,117.0
116.95,106.0
116.9,106.0
116.81,106.0
116.8,106.0
116.75,106.0
116.7,106.0
116.65,106.0
116.6,106.0
116.54,106.0
116.5,106.0
116.45,106.0
116.4,116.0
116.35,106.0
116.3,116.0
116.27,106.0
116.25,116.0
116.2,116.0
116.15,106.0
116.1,116.0
116.06,106.0
116.05,106.0
116.0,116.0
115.99,106.0
115.98,116.0
115.96,116.0
115.95,116.0
115.94,116.0
115.93,116.0
115.92,116.0
115.91,106.0
115.9,106.0
115.85,106.0
115.8,96.0
115.75,106.0
115.72,106.0
115.7,106.0
115.65,111.0
115.6,106.0
115.55,106.0
115.5,115.0
115.45,106.0
115.4,106.0
115.3,106.0
115.2,115.0
115.18,106.0
115.15,106.0
115.1,115.0
115.05,111.0
115.0,115.0
114.96,115.0
114.95,115.0
114.94,115.0
114.93,115.0
114.92,115.0
114.91,106.0
114.9,106.0
114.85,106.0
114.8,56.0
114.7,106.0
114.65,106.0
114.64,106.0
114.6,111.0
114.55,106.0
114.5,106.0
114.4,106.0
114.37,106.0
114.3,114.0
114.25,106.0
114.2,114.0
114.1,106.0
114.0,114.0
113.98,114.0
113.96,114.0
113.95,106.0
113.9,106.0
113.83,106.0
113.8,106.0
113.75,106.0
113.7,111.0
113.65,106.0
113.6,106.0
113.56,106.0
113.55,111.0
113.5,106.0
113.45,106.0
113.4,96.0
113.35,106.0
113.3,106.0
113.29,106.0
113.2,106.0
113.15,106.0
113.1,113.0
113.05,106.0
113.02,106.0
113.0,113.0
112.95,106.0
112.9,106.0
112.85,106.0
112.8,111.0
112.75,106.0
112.65,111.0
112.6,106.0
112.55,106.0
112.5,111.0
112.48,106.0
112.45,106.0
112.4,56.0
112.35,111.0
112.34,106.0
112.3,106.0
112.21,106.0
112.2,112.0
112.15,106.0
112.1,112.0
112.05,111.0
112.0,112.0
111.95,112.0
111.94,106.0
111.92,112.0
111.9,111.9
111.85,106.0
111.8,111.0
111.76,106.0
111.75,106.0
111.7,106.0
111.67,106.0
111.65,106.0
111.6,111.0
111.58,106.0
111.55,106.0
111.5,106.0
111.4,106.0
111.35,106.0
111.3,111.0
111.27,111.0
111.26,106.0
111.25,106.0
111.2,111.0
111.15,111.0
111.13,106.0
111.1,111.0
111.05,111.0
111.0,111.0
110.98,111.0
110.97,111.0
110.96,106.0
110.95,111.0
110.94,111.0
110.93,111.0
110.92,111.0
110.91,111.0
110.9,106.0
110.86,106.0
110.8,106.0
110.65,106.0
110.6,106.0
110.59,106.0
110.55,96.0
110.5,106.0
110.45,106.0
110.4,96.0
110.35,106.0
110.32,106.0
110.3,106.0
110.2,106.0
110.15,106.0
110.1,110.0
110.05,106.0
110.0,110.0
109.98,110.0
109.95,110.0
109.9,106.0
109.85,106.0
109.84,106.0
109.8,106.0
109.78,106.0
109.75,106.0
109.72,106.0
109.7,106.0
109.6,106.0
109.55,106.0
109.51,106.0
109.5,96.0
109.45,106.0
109.4,106.0
109.35,106.0
109.3,106.0
109.25,106.0
109.24,106.0
109.2,109.0
109.15,106.0
109.1,109.0
109.0,109.0
108.98,109.0
108.97,106.0
108.95,109.0
108.94,109.0
108.93,109.0
108.9,108.0
108.88,106.0
108.86,106.0
108.85,106.0
108.8,106.0
108.7,106.0
108.65,106.0
108.6,106.0
108.55,106.0
108.5,106.0
108.43,106.0
108.4,106.0
108.35,106.0
108.3,108.0
108.28,106.0
108.25,106.0
108.2,108.0
108.16,106.0
108.15,96.0
108.1,108.0
108.05,106.0
108.0,108.0
107.98,106.0
107.96,108.0
107.95,106.0
107.94,108.0
107.92,108.0
107.91,108.0
107.9,106.0
107.89,106.0
107.86,106.0
107.8,106.0
107.75,106.0
107.7,106.0
107.65,106.0
107.62,106.0
107.6,106.0
107.5,106.0
107.47,106.0
107.45,106.0
107.4,106.0
107.35,106.0
107.3,106.0
107.2,106.0
107.16,106.0
107.15,106.0
107.1,107.0
107.08,106.0
107.06,106.0
107.05,106.0
107.0,107.0
106.99,106.0
106.98,106.0
106.96,106.0
106.95,107.0
106.9,106.0
106.85,106.0
106.81,106.0
106.8,106.0
106.76,106.0
106.75,106.0
106.7,106.0
106.65,106.0
106.6,106.0
106.55,106.0
106.54,106.0
106.52,106.0
106.5,106.0
106.49,106.0
106.45,106.0
106.4,106.0
106.35,106.0
106.3,106.0
106.27,106.0
106.26,106.0
106.25,106.0
106.22,106.0
106.2,106.0
106.18,106.0
106.15,106.0
106.14,106.0
106.12,106.0
106.1,106.0
106.09,106.0
106.08,106.0
106.07,106.0
106.06,106.0
106.05,106.0
106.04,106.0
106.03,106.0
106.02,106.0
106.01,106.0
106.0,106.0
105.99,106.0
105.98,106.0
105.97,106.0
105.96,106.0
105.95,106.0
105.94,106.0
105.93,106.0
105.92,106.0
105.91,106.0
105.9,96.0
105.85,76.0
105.8,86.0
105.7,76.0
105.6,105.5
105.55,76.0
105.5,76.0
105.45,96.0
105.4,76.0
105.35,96.0
105.3,105.0
105.25,76.0
105.2,105.0
105.1,105.0
105.0,105.0
104.95,105.0
104.94,105.0
104.92,105.0
104.91,105.0
104.9,56.0
104.8,76.0
104.7,96.0
104.65,76.0
104.6,76.0
104.5,76.0
104.4,96.0
104.35,76.0
104.3,76.0
104.2,76.0
104.1,104.0
104.05,76.0
104.0,104.0
103.95,96.0
103.9,76.0
103.83,76.0
103.8,96.0
103.7,56.0
103.6,76.0
103.55,76.0
103.5,96.0
103.45,76.0
103.4,56.0
103.3,76.0
103.2,103.0
103.15,76.0
103.1,103.0
103.0,103.0
102.9,96.0
102.85,76.0
102.8,76.0
102.75,56.0
102.7,76.0
102.65,76.0
102.6,96.0
102.55,76.0
102.5,101.0
102.48,76.0
102.4,76.0
102.3,96.0
102.25,76.0
102.2,102.0
102.1,102.0
102.0,102.0
101.95,76.0
101.9,86.0
101.8,76.0
101.7,96.0
101.65,76.0
101.6,101.0
101.55,96.0
101.5,76.0
101.4,76.0
101.35,76.0
101.3,101.0
101.2,101.0
101.13,96.0
101.1,101.0
101.05,76.0
101.0,101.0
100.96,101.0
100.95,101.0
100.9,76.0
100.8,96.0
100.79,100.7
100.75,76.0
100.7,100.7
100.65,96.0
100.61,100.7
100.6,76.0
100.55,76.0
100.5,100.0
100.45,76.0
100.4,56.0
100.35,96.0
100.3,76.0
100.2,100.0
100.15,76.0
100.1,100.0
100.05,96.0
100.0,100.0
99.99,100.0
99.98,100.0
99.97,100.0
99.96,100.0
99.95,100.0
99.94,100.0
99.93,100.0
99.92,100.0
99.91,100.0
99.9,96.0
99.85,76.0
99.8,86.0
99.7,76.0
99.65,76.0
99.6,96.0
99.55,76.0
99.5,76.0
99.45,96.0
99.4,76.0
99.35,76.0
99.3,96.0
99.25,76.0
99.24,96.0
99.2,99.0
99.15,96.0
99.1,99.0
99.0,99.0
98.97,96.0
98.95,76.0
98.9,76.0
98.85,96.0
98.8,76.0
98.7,86.0
98.65,76.0
98.6,56.0
98.55,96.0
98.5,76.0
98.43,76.0
98.4,96.0
98.35,76.0
98.3,56.0
98.25,96.0
98.2,76.0
98.15,86.0
98.1,98.0
98.05,76.0
98.0,98.0
97.95,96.0
97.9,76.0
97.89,96.0
97.85,76.0
97.8,96.0
97.75,76.0
97.7,76.0
97.65,96.0
97.6,76.0
97.55,86.0
97.5,96.0
97.45,76.0
97.4,56.0
97.35,96.0
97.3,76.0
97.25,76.0
97.2,96.0
97.15,76.0
97.1,97.0
97.08,76.0
97.05,96.0
97.0,97.0
96.95,97.0
96.9,96.0
96.85,76.0
96.81,76.0
96.8,76.0
96.75,96.0
96.7,76.0
96.65,76.0
96.6,96.0
96.55,76.0
96.54,96.0
96.5,96.0
96.45,96.0
96.4,96.0
96.35,96.0
96.3,96.0
96.27,76.0
96.25,76.0
96.2,96.0
96.15,96.0
96.1,96.0
96.09,96.0
96.08,96.0
96.06,96.0
96.05,96.0
96.04,96.0
96.0,96.0
95.99,96.0
95.98,96.0
95.97,96.0
95.96,96.0
95.95,96.0
95.94,96.0
95.93,96.0
95.92,96.0
95.91,96.0
95.9,86.0
95.8,76.0
95.75,86.0
95.72,86.0
95.7,95.0
95.65,76.0
95.6,95.0
95.5,76.0
95.45,76.0
95.4,95.0
95.35,76.0
95.3,95.0
95.2,95.0
95.18,76.0
95.15,76.0
95.1,95.0
95.05,76.0
95.0,95.0
94.99,95.0
94.98,95.0
94.97,95.0
94.96,95.0
94.95,95.0
94.93,95.0
94.92,95.0
94.91,95.0
94.9,76.0
94.85,76.0
94.8,94.8
94.75,76.0
94.7,86.0
94.64,76.0
94.6,76.0
94.55,76.0
94.5,89.5
94.45,76.0
94.4,76.0
94.37,86.0
94.3,76.0
94.25,76.0
94.2,94.0
94.15,76.0
94.1,94.0
94.0,94.0
93.95,76.0
93.9,86.0
93.85,76.0
93.83,76.0
93.8,56.0
93.7,76.0
93.65,76.0
93.6,93.0
93.56,76.0
93.55,76.0
93.5,56.0
93.4,76.0
93.35,76.0
93.3,81.0
93.29,76.0
93.25,76.0
93.2,89.0
93.15,81.0
93.1,76.0
93.05,86.0
93.02,76.0
93.0,93.0
92.95,76.0
92.9,76.0
92.85,76.0
92.8,76.0
92.75,56.0
92.7,81.0
92.65,76.0
92.6,86.0
92.5,76.0
92.48,76.0
92.45,86.0
92.4,92.0
92.35,76.0
92.3,86.0
92.21,56.0
92.2,76.0
92.1,92.0
92.05,76.0
92.0,92.0
91.95,92.0
91.94,76.0
91.9,76.0
91.85,86.0
91.8,91.0
91.75,76.0
91.7,76.0
91.67,76.0
91.6,76.0
91.55,76.0
91.5,76.0
91.45,76.0
91.4,76.0
91.3,76.0
91.25,86.0
91.2,91.0
91.15,76.0
91.13,86.0
91.1,91.0
91.05,91.0
91.0,91.0
90.99,91.0
90.98,91.0
90.97,91.0
90.96,91.0
90.95,91.0
90.94,91.0
90.93,91.0
90.92,91.0
90.91,91.0
90.9,81.0
90.86,76.0
90.85,76.0
90.8,56.0
90.7,76.0
90.65,86.0
90.6,87.0
90.59,76.0
90.55,76.0
90.5,76.0
90.45,81.0
90.4,76.0
90.35,86.0
90.3,90.0
90.25,76.0
90.2,90.0
90.1,90.0
90.05,76.0
90.0,90.0
89.95,90.0
89.9,89.0
89.85,81.0
89.8,76.0
89.78,76.0
89.75,76.0
89.7,87.0
89.65,76.0
89.6,56.0
89.55,81.0
89.51,76.0
89.5,76.0
89.45,76.0
89.4,89.0
89.35,76.0
89.3,89.0
89.25,81.0
89.24,86.0
89.2,76.0
89.15,56.0
89.1,89.0
89.07,76.0
89.05,76.0
89.0,89.0
88.98,89.0
88.97,76.0
88.95,89.0
88.93,89.0
88.92,89.0
88.9,76.0
88.85,86.0
88.8,86.0
88.75,76.0
88.7,86.0
88.65,76.0
88.6,76.0
88.55,86.0
88.5,81.0
88.45,76.0
88.43,76.0
88.4,86.0
88.35,81.0
88.3,76.0
88.25,76.0
88.2,86.0
88.16,86.0
88.15,76.0
88.1,86.0
88.05,81.0
88.0,76.0
87.95,76.0
87.9,89.0
87.89,76.0
87.85,76.0
87.8,86.0
87.75,81.0
87.7,76.0
87.65,76.0
87.62,86.0
87.6,87.0
87.55,76.0
87.5,86.0
87.45,81.0
87.42,64.0
87.4,76.0
87.35,76.0
87.3,86.0
87.25,76.0
87.2,86.0
87.1,76.0
87.08,76.0
87.05,86.0
87.0,87.0
86.95,76.0
86.9,86.0
86.85,81.0
86.81,86.0
86.8,76.0
86.75,86.0
86.7,86.0
86.65,76.0
86.6,86.0
86.55,81.0
86.54,76.0
86.5,76.0
86.45,86.0
86.4,86.0
86.35,76.0
86.3,86.0
86.27,86.0
86.25,81.0
86.2,86.0
86.15,76.0
86.1,86.0
86.08,86.0
86.06,86.0
86.05,76.0
86.02,86.0
86.01,86.0
86.0,86.0
85.99,86.0
85.98,86.0
85.97,86.0
85.96,86.0
85.95,86.0
85.94,86.0
85.93,86.0
85.92,86.0
85.91,86.0
85.9,76.0
85.85,76.0
85.8,81.0
85.75,76.0
85.72,76.0
85.7,76.0
85.65,81.0
85.6,76.0
85.55,56.0
85.5,81.0
85.45,76.0
85.4,56.0
85.35,81.0
85.3,76.0
85.25,76.0
85.2,85.0
85.18,76.0
85.15,76.0
85.1,85.0
85.05,81.0
85.0,85.0
84.98,85.0
84.95,85.0
84.94,85.0
84.93,85.0
84.91,76.0
84.9,81.0
84.85,76.0
84.8,76.0
84.75,81.0
84.7,76.0
84.65,76.0
84.64,76.0
84.6,76.0
84.55,76.0
84.5,56.0
84.4,76.0
84.37,76.0
84.35,76.0
84.3,84.0
84.25,76.0
84.2,84.0
84.15,81.0
84.1,76.0
84.05,56.0
84.0,84.0
83.98,84.0
83.95,76.0
83.9,56.0
83.85,76.0
83.83,76.0
83.8,76.0
83.75,76.0
83.7,81.0
83.65,76.0
83.6,76.0
83.56,76.0
83.5,76.0
83.45,76.0
83.4,81.0
83.35,76.0
83.3,76.0
83.29,76.0
83.25,81.0
83.2,76.0
83.15,76.0
83.1,83.0
83.05,76.0
83.02,76.0
83.0,83.0
82.95,81.0
82.9,76.0
82.89,81.0
82.85,56.0
82.8,81.0
82.75,76.0
82.72,76.0
82.7,76.0
82.65,81.0
82.6,76.0
82.55,76.0
82.5,81.0
82.48,76.0
82.45,76.0
82.4,82.0
82.35,81.0
82.34,76.0
82.3,76.0
82.25,76.0
82.21,76.0
82.2,82.0
82.15,76.0
82.1,82.0
82.05,81.0
82.0,82.0
81.99,82.0
81.98,82.0
81.96,82.0
81.95,82.0
81.94,76.0
81.92,76.0
81.91,82.0
81.9,81.9
81.85,76.0
81.8,76.0
81.76,76.0
81.75,81.0
81.7,76.0
81.67,76.0
81.65,76.0
81.6,81.0
81.58,76.0
81.55,76.0
81.54,81.0
81.5,76.0
81.45,81.0
81.4,76.0
81.35,76.0
81.3,81.0
81.25,76.0
81.23,76.0
81.2,81.0
81.15,81.0
81.13,76.0
81.1,81.0
81.05,81.0
81.0,81.0
80.99,81.0
80.98,81.0
80.97,81.0
80.96,81.0
80.95,81.0
80.94,81.0
80.93,81.0
80.92,81.0
80.91,81.0
80.9,76.0
80.86,76.0
80.85,56.0
80.8,76.0
80.75,76.0
80.7,76.0
80.65,76.0
80.6,56.0
80.59,76.0
80.5,76.0
80.45,76.0
80.4,56.0
80.35,76.0
80.32,76.0
80.3,76.0
80.25,76.0
80.2,76.0
80.15,76.0
80.1,76.0
80.05,76.0
80.0,80.0
79.99,80.0
79.98,80.0
79.97,80.0
79.96,80.0
79.95,80.0
79.94,80.0
79.93,80.0
79.92,80.0
79.91,80.0
79.9,76.0
79.85,76.0
79.8,76.0
79.78,76.0
79.75,76.0
79.72,76.0
79.7,76.0
79.6,76.0
79.55,76.0
79.51,76.0
79.5,79.0
79.45,76.0
79.4,76.0
79.35,76.0
79.3,76.0
79.25,76.0
79.24,76.0
79.2,79.0
79.15,76.0
79.1,79.0
79.05,56.0
79.0,79.0
78.98,79.0
78.97,76.0
78.96,76.0
78.95,79.0
78.9,76.0
78.88,76.0
78.86,76.0
78.85,76.0
78.8,76.0
78.7,76.0
78.65,76.0
78.62,76.0
78.6,76.0
78.55,76.0
78.5,76.0
78.45,76.0
78.43,76.0
78.4,76.0
78.35,76.0
78.32,76.0
78.3,76.0
78.25,76.0
78.2,76.0
78.16,76.0
78.15,76.0
78.1,76.0
78.05,76.0
78.0,78.0
77.98,76.0
77.96,76.0
77.95,76.0
77.92,76.0
77.9,56.0
77.89,76.0
77.86,76.0
77.85,76.0
77.8,76.0
77.79,76.0
77.75,76.0
77.7,76.0
77.65,76.0
77.62,76.0
77.6,76.0
77.56,76.0
77.55,76.0
77.52,76.0
77.5,76.0
77.45,76.0
77.4,76.0
77.35,76.0
77.3,76.0
77.25,76.0
77.2,76.0
77.18,76.0
77.16,76.0
77.15,76.0
77.1,76.0
77.08,76.0
77.06,76.0
77.05,76.0
77.0,77.0
76.99,76.0
76.98,76.0
76.96,76.0
76.95,77.0
76.91,76.0
76.9,76.0
76.86,76.0
76.85,76.0
76.81,76.0
76.8,76.0
76.79,76.0
76.78,76.0
76.76,76.0
76.75,76.0
76.74,76.0
76.7,76.0
76.65,76.0
76.6,76.0
76.55,76.0
76.54,76.0
76.52,76.0
76.5,76.0
76.49,76.0
76.47,76.0
76.45,76.0
76.4,76.0
76.37,76.0
76.36,76.0
76.35,76.0
76.3,76.0
76.27,76.0
76.26,76.0
76.25,76.0
76.24,76.0
76.23,76.0
76.22,76.0
76.21,76.0
76.2,76.0
76.18,76.0
76.17,76.0
76.16,76.0
76.15,76.0
76.14,76.0
76.13,76.0
76.12,76.0
76.11,76.0
76.1,76.0
76.09,76.0
76.08,76.0
76.07,76.0
76.06,76.0
76.05,76.0
76.04,76.0
76.03,76.0
76.02,76.0
76.01,76.0
76.0,76.0
75.99,76.0
75.98,76.0
75.97,76.0
75.96,76.0
75.95,76.0
75.94,76.0
75.93,76.0
75.92,76.0
75.91,76.0
75.9,66.0
75.8,56.0
75.75,69.0
75.72,56.0
75.7,65.9
75.65,56.0
75.6,36.0
75.5,56.0
75.45,56.0
75.4,81.0
75.35,56.0
75.3,69.0
75.2,56.0
75.15,56.0
75.1,75.0
75.05,56.0
75.0,75.0
74.91,56.0
74.9,56.0
74.8,64.0
74.75,56.0
74.7,56.0
74.64,56.0
74.6,56.0
74.55,56.0
74.5,64.9
74.45,56.0
74.4,56.0
74.3,56.0
74.25,56.0
74.2,74.0
74.15,56.0
74.1,74.0
74.0,74.0
73.95,56.0
73.9,64.0
73.85,56.0
73.83,56.0
73.8,56.0
73.7,56.0
73.65,56.0
73.6,68.4
73.56,56.0
73.55,56.0
73.5,56.0
73.4,56.0
73.35,56.0
73.3,70.2
73.29,56.0
73.25,56.0
73.2,56.0
73.1,56.0
73.05,56.0
73.0,73.0
72.95,56.0
72.9,56.0
72.8,56.0
72.75,56.0
72.7,61.0
72.65,56.0
72.6,56.0
72.51,69.0
72.5,56.0
72.48,56.0
72.45,56.0
72.4,64.0
72.35,56.0
72.3,56.0
72.2,56.0
72.15,56.0
72.1,72.0
72.05,56.0
72.0,72.0
71.94,56.0
71.9,56.0
71.85,56.0
71.8,56.0
71.75,56.0
71.7,69.0
71.67,56.0
71.6,56.0
71.55,56.0
71.5,64.0
71.45,56.0
71.4,56.0
71.3,56.0
71.25,56.0
71.2,71.0
71.15,56.0
71.1,71.0
71.05,56.0
71.0,71.0
70.99,71.0
70.98,71.0
70.97,71.0
70.96,71.0
70.95,71.0
70.94,71.0
70.92,71.0
70.91,71.0
70.9,65.9
70.86,56.0
70.85,56.0
70.8,69.0
70.7,56.0
70.65,56.0
70.62,69.0
70.6,56.0
70.59,56.0
70.55,56.0
70.5,69.0
70.45,61.0
70.4,56.0
70.35,56.0
70.3,62.2
70.25,56.0
70.2,56.0
70.15,56.0
70.1,56.0
70.08,69.0
70.05,56.0
70.0,70.0
69.99,70.0
69.98,70.0
69.97,70.0
69.96,70.0
69.95,70.0
69.94,70.0
69.93,70.0
69.92,70.0
69.91,70.0
69.9,69.0
69.8,56.0
69.75,56.0
69.7,56.0
69.65,56.0
69.6,56.0
69.55,56.0
69.51,56.0
69.5,56.0
69.45,69.0
69.4,69.0
69.35,56.0
69.3,69.0
69.27,69.0
69.24,56.0
69.2,69.0
69.15,69.0
69.1,69.0
69.05,56.0
69.0,69.0
68.97,56.0
68.95,69.0
68.9,56.0
68.85,56.0
68.8,56.0
68.75,56.0
68.7,56.0
68.6,56.0
68.55,56.0
68.5,61.0
68.45,56.0
68.43,56.0
68.4,56.0
68.3,56.0
68.25,56.0
68.2,56.0
68.16,56.0
68.15,56.0
68.1,68.0
68.05,64.0
68.0,68.0
67.95,68.0
67.9,56.0
67.89,56.0
67.85,56.0
67.8,56.0
67.75,61.0
67.7,56.0
67.65,56.0
67.62,56.0
67.6,64.0
67.55,56.0
67.5,56.0
67.45,61.0
67.4,56.0
67.35,56.0
67.3,60.6
67.25,56.0
67.2,56.0
67.1,56.0
67.08,56.0
67.05,56.0
67.0,67.0
66.95,56.0
66.9,56.0
66.85,61.0
66.81,56.0
66.8,56.0
66.75,56.0
66.7,66.0
66.65,56.0
66.6,56.0
66.56,56.0
66.55,64.0
66.5,56.0
66.45,56.0
66.4,56.0
66.35,56.0
66.3,56.0
66.27,56.0
66.2,56.0
66.15,56.0
66.1,66.0
66.05,56.0
66.0,56.0
65.99,56.0
65.98,56.0
65.97,56.0
65.96,66.0
65.95,66.0
65.94,56.0
65.93,56.0
65.92,56.0
65.91,56.0
65.9,56.0
65.85,56.0
65.8,61.0
65.75,56.0
65.72,56.0
65.7,56.0
65.6,56.0
65.55,56.0
65.5,56.0
65.45,56.0
65.4,56.0
65.35,64.0
65.3,56.0
65.25,56.0
65.2,65.0
65.18,56.0
65.15,56.0
65.1,65.0
65.05,61.0
65.0,65.0
64.99,65.0
64.96,65.0
64.95,65.0
64.94,65.0
64.91,56.0
64.9,64.0
64.85,56.0
64.8,56.0
64.75,61.0
64.7,56.0
64.65,56.0
64.64,56.0
64.6,64.0
64.55,56.0
64.5,56.0
64.45,61.0
64.4,56.0
64.37,56.0
64.35,56.0
64.3,64.0
64.25,56.0
64.2,64.0
64.15,64.0
64.1,64.0
64.05,56.0
64.0,64.0
63.98,64.0
63.95,56.0
63.92,64.0
63.9,56.0
63.85,61.0
63.83,56.0
63.8,56.0
63.75,56.0
63.7,61.0
63.68,56.0
63.65,56.0
63.6,56.0
63.56,56.0
63.55,61.0
63.5,56.0
63.45,56.0
63.4,61.0
63.35,56.0
63.3,56.0
63.29,56.0
63.25,61.0
63.2,56.0
63.15,56.0
63.1,61.0
63.05,56.0
63.02,56.0
63.0,56.0
62.95,61.0
62.9,56.0
62.85,56.0
62.8,56.0
62.75,56.0
62.72,56.0
62.7,56.0
62.65,61.0
62.6,56.0
62.55,56.0
62.5,61.0
62.48,56.0
62.45,56.0
62.4,56.0
62.35,61.0
62.3,56.0
62.25,56.0
62.21,56.0
62.2,62.0
62.15,56.0
62.1,62.0
62.05,56.0
62.04,56.0
62.0,62.0
61.98,62.0
61.96,62.0
61.95,62.0
61.94,56.0
61.93,62.0
61.92,62.0
61.91,62.0
61.9,61.0
61.85,56.0
61.8,56.0
61.76,56.0
61.75,61.0
61.7,56.0
61.67,56.0
61.65,56.0
61.6,61.0
61.58,56.0
61.55,56.0
61.5,56.0
61.45,61.0
61.4,56.0
61.35,56.0
61.3,61.0
61.25,56.0
61.2,61.0
61.15,61.0
61.13,56.0
61.1,61.0
61.05,56.0
61.0,61.0
60.99,61.0
60.98,61.0
60.97,61.0
60.96,61.0
60.95,56.0
60.93,61.0
60.92,61.0
60.91,61.0
60.9,56.0
60.86,56.0
60.8,56.0
60.75,56.0
60.7,56.0
60.69,56.0
60.65,56.0
60.6,56.0
60.59,56.0
60.55,56.0
60.5,56.0
60.45,56.0
60.42,56.0
60.4,59.0
60.35,56.0
60.32,56.0
60.3,56.0
60.25,56.0
60.2,56.0
60.15,56.0
60.1,60.0
60.05,56.0
60.0,60.0
59.9,56.0
59.85,56.0
59.84,56.0
59.8,60.9
59.78,56.0
59.75,56.0
59.72,56.0
59.7,56.0
59.65,56.0
59.6,56.0
59.55,56.0
59.51,56.0
59.5,56.0
59.45,56.0
59.4,56.0
59.35,56.0
59.34,56.0
59.3,56.0
59.25,56.0
59.24,56.0
59.2,59.0
59.15,56.0
59.1,59.0
59.07,56.0
59.05,56.0
59.0,59.0
58.98,59.0
58.97,56.0
58.96,56.0
58.95,59.0
58.91,59.0
58.9,56.0
58.88,56.0
58.86,56.0
58.85,56.0
58.8,56.0
58.75,56.0
58.7,56.0
58.65,56.0
58.62,56.0
58.6,56.0
58.55,56.0
58.53,56.0
58.5,56.0
58.45,56.0
58.43,56.0
58.4,56.0
58.35,56.0
58.3,57.0
58.25,56.0
58.2,56.0
58.16,56.0
58.15,56.0
58.1,56.0
58.05,56.0
58.0,58.0
57.99,56.0
57.98,56.0
57.95,56.0
57.92,56.0
57.9,56.0
57.89,56.0
57.86,56.0
57.84,56.0
57.8,56.0
57.75,56.0
57.7,56.0
57.65,56.0
57.62,56.0
57.6,56.0
57.55,56.0
57.52,56.0
57.5,56.0
57.45,56.0
57.42,56.0
57.4,56.0
57.35,56.0
57.3,56.0
57.25,56.0
57.2,56.0
57.16,56.0
57.15,56.0
57.1,56.0
57.08,56.0
57.05,56.0
57.04,56.0
57.0,56.0
56.99,56.0
56.96,56.0
56.95,57.0
56.91,56.0
56.9,56.0
56.85,56.0
56.81,56.0
56.8,56.0
56.78,56.0
56.76,56.0
56.75,56.0
56.7,56.0
56.65,56.0
56.64,56.0
56.6,56.0
56.55,56.0
56.54,56.0
56.52,56.0
56.5,56.0
56.49,56.0
56.45,56.0
56.4,56.0
56.37,56.0
56.36,56.0
56.35,56.0
56.3,56.0
56.27,56.0
56.26,56.0
56.25,56.0
56.23,56.0
56.22,56.0
56.2,56.0
56.19,56.0
56.18,56.0
56.17,56.0
56.16,56.0
56.15,56.0
56.14,56.0
56.12,56.0
56.11,56.0
56.1,56.0
56.09,56.0
56.08,56.0
56.07,56.0
56.06,56.0
56.05,56.0
56.04,56.0
56.03,56.0
56.02,56.0
56.01,56.0
56.0,56.0
55.99,56.0
55.98,56.0
55.97,56.0
55.96,56.0
55.95,56.0
55.94,56.0
55.93,56.0
55.92,56.0
55.91,56.0
55.9,52.0
55.8,36.0
55.75,46.0
55.7,50.0
55.6,53.4
55.5,52.9
55.45,46.0
55.4,50.0
55.3,51.0
55.2,55.0
55.1,55.0
55.0,55.0
54.9,51.0
54.8,50.0
54.7,53.1
54.65,50.0
54.6,53.8
54.5,50.0
54.4,49.0
54.3,50.0
54.25,46.0
54.2,50.0
54.1,50.0
54.05,50.0
54.0,51.0
53.95,46.0
53.9,50.0
53.8,50.0
53.7,50.0
53.65,46.0
53.6,50.0
53.5,52.0
53.45,50.0
53.4,51.1
53.3,50.0
53.2,51.0
53.15,50.0
53.1,51.0
53.0,53.0
52.95,53.0
52.9,49.0
52.8,51.0
52.75,46.0
52.7,50.0
52.6,51.2
52.5,50.0
52.4,50.0
52.3,50.1
52.25,50.0
52.2,50.0
52.1,50.0
52.05,36.0
52.0,52.0
51.95,50.0
51.9,49.0
51.85,46.0
51.8,50.0
51.7,51.0
51.65,50.0
51.6,51.0
51.55,46.0
51.5,50.0
51.4,50.0
51.35,50.0
51.3,51.0
51.25,46.0
51.2,51.0
51.1,51.0
51.05,50.0
51.0,51.0
50.95,51.0
50.93,51.0
50.9,50.0
50.81,50.0
50.8,50.1
50.75,50.0
50.7,49.0
50.65,46.0
50.6,50.0
50.55,36.0
50.54,50.0
50.5,50.0
50.45,50.0
50.4,50.0
50.3,50.0
50.27,50.0
50.2,50.0
50.15,50.0
50.1,50.0
50.0,50.0
49.99,50.0
49.98,50.0
49.96,50.0
49.95,50.0
49.94,50.0
49.9,50.0
49.8,50.0
49.75,46.0
49.7,50.0
49.65,36.0
49.6,50.0
49.5,50.0
49.45,46.0
49.4,49.0
49.35,36.0
49.3,49.0
49.2,50.0
49.1,50.0
49.05,36.0
49.0,50.0
48.9,50.0
48.85,46.0
48.8,50.0
48.75,36.0
48.7,50.0
48.6,50.0
48.55,46.0
48.5,50.0
48.45,36.0
48.4,50.0
48.3,48.0
48.25,46.0
48.2,50.0
48.15,36.0
48.1,50.0
48.0,50.0
47.95,46.0
47.9,50.0
47.86,46.0
47.85,36.0
47.8,46.0
47.7,50.0
47.65,46.0
47.6,50.0
47.55,36.0
47.5,50.0
47.4,36.0
47.35,46.0
47.3,50.0
47.25,36.0
47.2,50.0
47.1,50.0
47.08,46.0
47.05,46.0
47.0,50.0
46.95,36.0
46.9,50.0
46.8,36.0
46.75,46.0
46.7,36.0
46.65,36.0
46.6,46.0
46.5,46.0
46.45,46.0
46.4,36.0
46.35,36.0
46.3,36.0
46.2,36.0
46.15,46.0
46.1,46.0
46.05,46.0
46.0,46.0
45.99,46.0
45.98,46.0
45.97,46.0
45.96,46.0
45.95,46.0
45.94,46.0
45.93,46.0
45.92,46.0
45.91,46.0
45.9,36.0
45.8,50.0
45.75,36.0
45.7,48.6
45.6,36.0
45.5,36.0
45.45,36.0
45.4,36.0
45.3,36.0
45.2,45.0
45.15,36.0
45.1,45.0
45.0,45.0
44.95,36.0
44.9,36.0
44.85,36.0
44.8,36.0
44.7,36.0
44.6,36.0
44.55,36.0
44.5,36.0
44.4,36.0
44.3,36.0
44.25,36.0
44.2,36.0
44.1,36.0
44.0,44.0
43.95,36.0
43.9,36.0
43.8,36.0
43.7,36.0
43.65,36.0
43.6,36.0
43.5,36.0
43.45,36.0
43.4,36.0
43.35,36.0
43.3,36.0
43.2,36.0
43.1,36.0
43.05,36.0
43.0,36.0
42.9,36.0
42.85,36.0
42.8,36.0
42.75,36.0
42.7,36.0
42.6,36.0
42.5,36.0
42.45,36.0
42.4,36.0
42.3,36.0
42.2,42.0
42.15,36.0
42.1,36.0
42.0,42.0
41.95,42.0
41.9,36.0
41.85,36.0
41.8,36.0
41.7,36.0
41.64,95.0
41.6,36.0
41.55,36.0
41.54,95.0
41.5,36.0
41.4,36.0
41.35,36.0
41.3,36.0
41.25,36.0
41.2,41.0
41.1,36.0
41.0,41.0
40.95,36.0
40.9,36.0
40.8,36.0
40.7,36.0
40.65,36.0
40.6,36.0
40.5,36.0
40.45,36.0
40.4,36.0
40.35,36.0
40.3,36.0
40.2,36.0
40.15,36.0
40.1,36.0
40.05,36.0
40.0,36.0
39.9,36.0
39.85,36.0
39.84,36.0
39.8,36.0
39.75,36.0
39.7,36.0
39.6,36.0
39.55,36.0
39.5,36.0
39.45,36.0
39.4,39.0
39.3,36.0
39.25,36.0
39.2,39.0
39.15,36.0
39.1,39.0
39.0,39.0
38.95,36.0
38.9,36.0
38.85,36.0
38.8,36.0
38.7,36.0
38.65,36.0
38.6,36.0
38.55,36.0
38.5,36.0
38.43,36.0
38.4,36.0
38.35,36.0
38.3,36.0
38.25,36.0
38.2,36.0
38.1,36.0
38.05,36.0
38.0,36.0
37.95,36.0
37.92,36.0
37.9,36.0
37.89,36.0
37.86,36.0
37.8,36.0
37.75,36.0
37.7,36.0
37.65,36.0
37.6,36.0
37.52,36.0
37.5,36.0
37.45,36.0
37.4,36.0
37.35,36.0
37.3,36.0
37.2,36.0
37.16,36.0
37.15,36.0
37.1,36.0
37.05,36.0
37.0,36.0
36.96,36.0
36.95,37.0
36.9,36.0
36.85,36.0
36.8,36.0
36.76,36.0
36.75,36.0
36.7,36.0
36.6,36.0
36.55,36.0
36.54,36.0
36.5,36.0
36.49,36.0
36.45,36.0
36.4,36.0
36.3,36.0
36.27,36.0
36.26,36.0
36.25,36.0
36.2,36.0
36.18,36.0
36.15,36.0
36.14,36.0
36.1,36.0
36.09,36.0
36.08,36.0
36.07,36.0
36.06,36.0
36.05,36.0
36.04,36.0
36.03,36.0
36.02,36.0
36.0,36.0
35.99,36.0
35.98,36.0
35.97,36.0
35.96,36.0
35.95,36.0
35.94,36.0
35.93,36.0
35.92,36.0
35.91,36.0
35.9,19.0
35.8,19.0
35.7,19.0
35.6,19.0
35.5,19.0
35.4,19.0
35.3,39.2
35.2,19.0
35.1,19.0
35.0,19.0
34.9,19.0
34.8,19.0
34.7,19.0
34.6,19.0
34.5,19.0
34.4,19.0
34.3,19.0
34.2,19.0
34.1,19.0
34.0,34.0
33.9,19.0
33.8,19.0
33.7,19.0
33.6,19.0
33.5,19.0
33.4,19.0
33.3,19.0
33.2,19.0
33.1,19.0
33.0,50.0
32.9,19.0
32.8,19.0
32.7,19.0
32.6,19.0
32.5,19.0
32.4,19.0
32.3,19.0
32.2,19.0
32.1,19.0
32.0,19.0
31.9,19.0
31.8,19.0
31.7,19.0
31.6,19.0
31.5,19.0
31.4,19.0
31.3,19.0
31.2,19.0
31.1,36.0
31.0,36.0
30.9,19.0
30.8,19.0
30.7,19.0
30.6,19.0
30.5,19.0
30.4,19.0
30.3,19.0
30.2,19.0
30.1,19.0
30.0,19.0
29.9,19.0
29.8,19.0
29.7,19.0
29.6,19.0
29.5,19.0
29.4,19.0
29.3,19.0
29.2,19.0
29.1,19.0
29.0,19.0
28.9,19.0
28.8,19.0
28.7,19.0
28.6,19.0
28.5,19.0
28.4,19.0
28.3,19.0
28.2,19.0
28.1,19.0
28.0,19.0
27.9,19.0
27.8,19.0
27.7,19.0
27.6,19.0
27.5,19.0
27.4,19.0
27.3,19.0
27.2,19.0
27.1,19.0
27.0,19.0
26.9,19.0
26.8,19.0
26.7,19.0
26.6,19.0
26.5,19.0
26.4,19.0
26.3,19.0
26.2,19.0
26.1,19.0
26.0,36.0
25.9,19.0
25.8,19.0
25.7,19.0
25.6,19.0
25.55,24.45
25.5,19.0
25.4,19.0
25.3,19.0
25.25,24.75
25.2,19.0
25.1,19.0
25.0,19.0
24.9,19.0
24.8,19.0
24.75,25.25
24.7,19.0
24.6,19.0
24.5,19.0
24.45,25.55
24.4,19.0
24.3,19.0
24.2,19.0
24.1,19.0
24.0,24.0
23.9,19.0
23.8,19.0
23.7,19.0
23.6,19.0
23.5,19.0
23.4,19.0
23.3,19.0
23.2,19.0
23.1,19.0
23.0,19.0
22.9,19.0
22.8,19.0
22.7,19.0
22.6,19.0
22.5,19.0
22.4,19.0
22.3,19.0
22.2,19.0
22.1,19.0
22.0,19.0
21.9,19.0
21.8,19.0
21.7,19.0
21.6,19.0
21.5,19.0
21.4,19.0
21.3,19.0
21.2,19.0
21.1,19.0
21.0,19.0
20.9,19.0
20.8,19.0
20.7,19.0
20.6,19.0
20.5,19.0
20.4,19.0
20.3,19.0
20.2,19.0
20.1,19.0
20.0,19.0
19.9,19.0
19.8,19.0
19.7,19.0
19.6,19.0
19.5,19.0
19.4,19.0
19.3,19.0
19.2,19.0
19.1,19.0
19.04,19.0
19.0,19.0
18.99,19.0
18.97,19.0
18.95,19.0
18.94,19.0
18.93,19.0
18.92,19.0
18.91,19.0
18.0,18.0
17.6,36.0
17.0,36.0
16.9,36.0
16.8,36.0
16.7,36.0
16.6,36.0
16.5,16.0
16.4,36.0
16.3,36.0
16.2,36.0
16.1,36.0
16.0,36.0
15.0,15.0
14.2,19.0
14.1,19.0
14.0,19.0
11.95,9.5
11.45,9.5
11.05,9.5
10.9,9.5
10.6,9.5
10.5,9.5
10.45,9.5
10.2,9.5
10.15,9.5
10.1,9.5
10.05,9.5
10.0,10.0
9.85,9.5
9.8,9.5
9.75,9.5
9.7,9.5
9.65,9.5
9.6,9.5
9.55,9.5
9.5,9.5
8.6,39.0
8.5,39.0
8.4,39.0
8.3,39.0
8.2,39.0
8.1,39.0
8.0,39.0
7.0,9.5
6.1,36.0
6.0,36.0
5.9,36.0
5.8,36.0
5.7,36.0
5.6,36.0
5.5,36.0
5.4,36.0
5.3,36.0
5.2,36.0
5.1,36.0
5.0,5.0
1.2,36.0
1.1,36.0
1.0,36.0
0.35,9.5
0.27,56.0
0.0,36.0
